"Genus","cancer_pos","cancer_neg","other_pos","other_neg","p_value","p_adjusted"
"Aalivirus",0,149,0,1898,1,1
"Abidjanvirus",0,149,0,1898,1,1
"Abyssalbus",0,149,2,1896,1,1
"Abyssibius",0,149,0,1898,1,1
"Abyssicoccus",0,149,0,1898,1,1
"Acadianvirus",0,149,0,1898,1,1
"Acaricomes",0,149,0,1898,1,1
"Acaryochloris",0,149,0,1898,1,1
"Aceticella",0,149,0,1898,1,1
"Acetilactobacillus",0,149,0,1898,1,1
"Acetivibrio",2,147,6,1892,0.110304529933902,1
"Acetoanaerobium",1,148,3,1895,0.261052795601748,1
"Acetobacter",1,148,17,1881,1,1
"Acetobacterium",1,148,3,1895,0.261052795601748,1
"Acetohalobium",0,149,0,1898,1,1
"Acetomicrobium",2,147,0,1898,0.00526531686214621,0.239215619155341
"Acetonema",0,149,0,1898,1,1
"Acholeplasma",1,148,1,1897,0.14031357908314,1
"Achromobacter",6,143,291,1607,3.09853079581803e-05,0.00342215512338124
"Acidaminococcus",4,145,14,1884,0.0369482588758421,1
"Acidianus",0,149,0,1898,1,1
"Acidibacillus",0,149,0,1898,1,1
"Acidibrevibacterium",0,149,1,1897,1,1
"Acididesulfobacillus",0,149,0,1898,1,1
"Acidiferrobacter",1,148,8,1890,0.494170723588447,1
"Acidihalobacter",0,149,1,1897,1,1
"Acidilobus",0,149,0,1898,1,1
"Acidilutibacter",2,147,1,1897,0.0150389808272841,0.574951805473862
"Acidimicrobium",0,149,0,1898,1,1
"Acidiphilium",0,149,14,1884,0.617195126716194,1
"Acidiplasma",0,149,0,1898,1,1
"Acidipropionibacterium",1,148,3,1895,0.261052795601748,1
"Acidisarcina",0,149,0,1898,1,1
"Acidisoma",0,149,3,1895,1,1
"Acidithiobacillus",1,148,15,1883,1,1
"Acidithrix",0,149,0,1898,1,1
"Acidobacterium",0,149,0,1898,1,1
"Acidocella",0,149,2,1896,1,1
"Acidothermus",0,149,21,1877,0.395749848771205,1
"Aciduliprofundum",0,149,0,1898,1,1
"Actibacterium",0,149,1,1897,1,1
"Actinacidiphila",0,149,0,1898,1,1
"Actinoalloteichus",1,148,5,1893,0.364932490218472,1
"Actinobacillus",2,147,11,1887,0.243381925006494,1
"Actinobaculum",0,149,0,1898,1,1
"Actinocatenispora",1,148,16,1882,1,1
"Actinokineospora",0,149,1,1897,1,1
"Actinomadura",2,147,40,1858,0.765298136811587,1
"Actinomarinicola",1,148,1,1897,0.14031357908314,1
"Actinomyces",18,131,321,1577,0.137435084011767,1
"Actinomycetospora",0,149,0,1898,1,1
"Actinoplanes",2,147,28,1870,1,1
"Actinopolymorpha",0,149,0,1898,1,1
"Actinopolyspora",2,147,0,1898,0.00526531686214621,0.239215619155341
"Actinospica",0,149,0,1898,1,1
"Actinosynnema",0,149,10,1888,1,1
"Actinotalea",0,149,0,1898,1,1
"Actinotignum",0,149,21,1877,0.395749848771205,1
"Actinovirus",0,149,0,1898,1,1
"Acuticoccus",1,148,2,1896,0.202950878211067,1
"Adhaeretor",0,149,0,1898,1,1
"Adhaeribacter",0,149,3,1895,1,1
"Adlercreutzia",3,146,17,1881,0.174042313072958,1
"Advenella",0,149,2,1896,1,1
"Aegicerativicinus",0,149,0,1898,1,1
"Aeoliella",0,149,0,1898,1,1
"Aequoribacter",0,149,2,1896,1,1
"Aequorivita",0,149,2,1896,1,1
"Aeribacillus",0,149,0,1898,1,1
"Aerococcus",1,148,16,1882,1,1
"Aeromonas",23,126,385,1513,0.166997120404619,1
"Aeropyrum",0,149,0,1898,1,1
"Aerosticca",0,149,5,1893,1,1
"Aestuariibacter",0,149,0,1898,1,1
"Aestuariimicrobium",0,149,0,1898,1,1
"Aestuariispira",1,148,1,1897,0.14031357908314,1
"Aestuariivita",0,149,0,1898,1,1
"Afifella",0,149,0,1898,1,1
"Afonbuvirus",0,149,4,1894,1,1
"Agarilytica",0,149,0,1898,1,1
"Agarivorans",0,149,0,1898,1,1
"Ageyesisatellite",0,149,0,1898,1,1
"Aggregatibacter",24,125,80,1818,1.28053249442837e-07,2.12141549910299e-05
"Aggregatimonas",0,149,1,1897,1,1
"Agreia",0,149,0,1898,1,1
"Agricanvirus",0,149,0,1898,1,1
"Agrobacterium",3,146,150,1748,0.00529451068553069,0.239215619155341
"Agrococcus",0,149,5,1893,1,1
"Agromyces",1,148,23,1875,1,1
"Agtrevirus",0,149,0,1898,1,1
"Ahjdlikevirus",0,149,0,1898,1,1
"Ahniella",0,149,0,1898,1,1
"Ahrensia",0,149,0,1898,1,1
"Ahtivirus",0,149,0,1898,1,1
"Akkermansia",5,144,92,1806,0.547674453599196,1
"Alcaligenes",5,144,86,1812,0.67907232868491,1
"Alcanivorax",0,149,0,1898,1,1
"Alcyoneusvirus",0,149,0,1898,1,1
"Alexandravirus",0,149,0,1898,1,1
"Alfamovirus",0,149,0,1898,1,1
"Algibacter",0,149,0,1898,1,1
"Algicella",0,149,0,1898,1,1
"Algicola",0,149,0,1898,1,1
"Algiphilus",0,149,0,1898,1,1
"Algoriphagus",1,148,2,1896,0.202950878211067,1
"Aliagarivorans",0,149,0,1898,1,1
"Aliamphritea",0,149,0,1898,1,1
"Aliarcobacter",0,149,8,1890,1,1
"Alicycliphilus",7,142,84,1814,0.836030275203838,1
"Alicyclobacillus",4,145,3,1895,0.00079431858211348,0.0789552670620799
"Aliiglaciecola",0,149,0,1898,1,1
"Aliihoeflea",0,149,0,1898,1,1
"Aliiroseovarius",0,149,1,1897,1,1
"Aliivibrio",0,149,0,1898,1,1
"Alishewanella",0,149,0,1898,1,1
"Alistipes",10,139,185,1713,0.24929369848985,1
"Aliterella",0,149,0,1898,1,1
"Alkalibacter",2,147,1,1897,0.0150389808272841,0.574951805473862
"Alkalibacterium",0,149,0,1898,1,1
"Alkalicella",1,148,1,1897,0.14031357908314,1
"Alkaliflexus",0,149,4,1894,1,1
"Alkalihalobacillus",0,149,0,1898,1,1
"Alkalihalophilus",0,149,0,1898,1,1
"Alkalilimnicola",0,149,1,1897,1,1
"Alkalimarinus",0,149,0,1898,1,1
"Alkaliphilus",1,148,1,1897,0.14031357908314,1
"Alkalitalea",0,149,0,1898,1,1
"Alkanindiges",0,149,0,1898,1,1
"Allexivirus",0,149,0,1898,1,1
"Alloacidobacterium",1,148,2,1896,0.202950878211067,1
"Alloactinosynnema",0,149,1,1897,1,1
"Alloalcanivorax",0,149,5,1893,1,1
"Allobacillus",1,148,0,1898,0.0727894479726428,1
"Allobaculum",0,149,0,1898,1,1
"Allobranchiibius",0,149,23,1875,0.406034490564566,1
"Allochromatium",0,149,3,1895,1,1
"Allocoleopsis",0,149,2,1896,1,1
"Allofrancisella",0,149,0,1898,1,1
"Allofustis",0,149,0,1898,1,1
"Alloiococcus",0,149,0,1898,1,1
"Allokutzneria",0,149,0,1898,1,1
"Allolevivirus",0,149,0,1898,1,1
"Allomeiothermus",0,149,0,1898,1,1
"Alloprevotella",0,149,0,1898,1,1
"Allorhizobium",0,149,1,1897,1,1
"Allosaccharopolyspora",0,149,0,1898,1,1
"Allosalinactinospora",0,149,0,1898,1,1
"Alloscardovia",0,149,0,1898,1,1
"Alphabaculovirus",1,148,0,1898,0.0727894479726428,1
"Alphachrysovirus",0,149,0,1898,1,1
"Alphacoronavirus",0,149,0,1898,1,1
"Alphadrosrhavirus",0,149,0,1898,1,1
"Alphaendornavirus",0,149,0,1898,1,1
"Alphaentomopoxvirus",0,149,0,1898,1,1
"Alphafusarivirus",0,149,0,1898,1,1
"Alphafusellovirus",0,149,0,1898,1,1
"Alphahypovirus",0,149,0,1898,1,1
"Alphamesonivirus",0,149,0,1898,1,1
"Alphamononivirus",0,149,0,1898,1,1
"Alphanemrhavirus",0,149,0,1898,1,1
"Alphanudivirus",0,149,0,1898,1,1
"Alphapapillomavirus",0,149,13,1885,0.616644203174883,1
"Alphapartitivirus",0,149,6,1892,1,1
"Alphapolyomavirus",0,149,0,1898,1,1
"Alphaportoglobovirus",0,149,0,1898,1,1
"Alpharetrovirus",0,149,0,1898,1,1
"Alphasphaerolipovirus",0,149,0,1898,1,1
"Alphatorquevirus",0,149,2,1896,1,1
"Alphatrevirus",0,149,6,1892,1,1
"Alphaturrivirus",0,149,0,1898,1,1
"Alphavirus",0,149,0,1898,1,1
"Alteracholeplasma",2,147,0,1898,0.00526531686214621,0.239215619155341
"Altererythrobacter",1,148,22,1876,1,1
"Alternavirus",0,149,1,1897,1,1
"Alteromonas",0,149,18,1880,0.636321961619585,1
"Altibacter",0,149,0,1898,1,1
"Alysiella",0,149,3,1895,1,1
"Amantichitinum",0,149,0,1898,1,1
"Ambidensovirus",0,149,0,1898,1,1
"Amdoparvovirus",0,149,0,1898,1,1
"Amedibacterium",0,149,5,1893,1,1
"Amigovirus",0,149,0,1898,1,1
"Aminiphilus",0,149,0,1898,1,1
"Aminipila",2,147,9,1889,0.188205376303883,1
"Aminithiophilus",2,147,3,1895,0.0454813155129772,1
"Aminobacter",1,148,67,1831,0.0578333620782889,1
"Aminobacterium",2,147,1,1897,0.0150389808272841,0.574951805473862
"Aminomonas",0,149,0,1898,1,1
"Ammonifex",0,149,0,1898,1,1
"Amniculibacterium",0,149,2,1896,1,1
"Amorphus",0,149,0,1898,1,1
"Amoyvirus",0,149,0,1898,1,1
"Ampelovirus",0,149,0,1898,1,1
"Amphibacillus",0,149,1,1897,1,1
"Amphritea",0,149,0,1898,1,1
"Ampullavirus",0,149,0,1898,1,1
"Amycolatopsis",2,147,43,1855,0.768792986270489,1
"Amycolicicoccus",0,149,0,1898,1,1
"Amylibacter",0,149,2,1896,1,1
"Amylolactobacillus",0,149,0,1898,1,1
"Anabaena",0,149,6,1892,1,1
"Anaeroarcus",0,149,0,1898,1,1
"Anaerobacillus",0,149,0,1898,1,1
"Anaerobaculum",0,149,0,1898,1,1
"Anaerobutyricum",4,145,60,1838,1,1
"Anaerococcus",3,146,60,1838,0.621776904218808,1
"Anaerocolumna",3,146,21,1877,0.25194854416368,1
"Anaerofustis",0,149,0,1898,1,1
"Anaerohalosphaera",0,149,0,1898,1,1
"Anaerolinea",0,149,1,1897,1,1
"Anaeromicropila",3,146,6,1892,0.0229155552316867,0.843631922233208
"Anaeromusa",0,149,0,1898,1,1
"Anaeromyxobacter",2,147,36,1862,1,1
"Anaeropeptidivorans",1,148,1,1897,0.14031357908314,1
"Anaerophaga",0,149,0,1898,1,1
"Anaerosalibacter",0,149,0,1898,1,1
"Anaerosporomusa",0,149,0,1898,1,1
"Anaerostipes",8,141,87,1811,0.683763545873546,1
"Anaerotignum",1,148,7,1891,0.454293177458647,1
"Anaerotruncus",3,146,53,1845,0.794666512830476,1
"Anaerovibrio",0,149,0,1898,1,1
"Anaerovorax",0,149,0,1898,1,1
"Anaplasma",0,149,0,1898,1,1
"Anaposvirus",0,149,0,1898,1,1
"Anatilimnocola",0,149,0,1898,1,1
"Anativirus",0,149,0,1898,1,1
"Anayavirus",0,149,0,1898,1,1
"Ancylobacter",0,149,44,1854,0.0713884990142226,1
"Andhravirus",0,149,1,1897,1,1
"Anditalea",0,149,0,1898,1,1
"Andreprevotia",0,149,0,1898,1,1
"Andromedalikevirus",0,149,0,1898,1,1
"Andromedavirus",0,149,0,1898,1,1
"Aneurinibacillus",0,149,2,1896,1,1
"Angelvirus",0,149,0,1898,1,1
"Angustibacter",0,149,0,1898,1,1
"Annadreamyvirus",0,149,0,1898,1,1
"Anoxybacillus",0,149,3,1895,1,1
"Anoxybacter",0,149,0,1898,1,1
"Anphevirus",0,149,0,1898,1,1
"Anseongella",1,148,2,1896,0.202950878211067,1
"Antarcticibacterium",0,149,1,1897,1,1
"Antarctobacter",0,149,11,1887,1,1
"Antennavirus",0,149,0,1898,1,1
"Anthocerotibacter",1,148,0,1898,0.0727894479726428,1
"Anulavirus",0,149,0,1898,1,1
"Aokuangvirus",0,149,0,1898,1,1
"Aparavirus",0,149,0,1898,1,1
"Aphanizomenon",0,149,0,1898,1,1
"Aphanocapsa",0,149,0,1898,1,1
"Aphthovirus",0,149,0,1898,1,1
"Apibacter",0,149,2,1896,1,1
"Apilactobacillus",2,147,0,1898,0.00526531686214621,0.239215619155341
"Apscaviroid",0,149,0,1898,1,1
"Aptresvirus",0,149,0,1898,1,1
"Aqualcavirus",0,149,0,1898,1,1
"Aquamavirus",0,149,0,1898,1,1
"Aquamicrobium",0,149,0,1898,1,1
"Aquaparamyxovirus",0,149,0,1898,1,1
"Aquareovirus",0,149,0,1898,1,1
"Aquaspirillum",0,149,3,1895,1,1
"Aquella",0,149,0,1898,1,1
"Aquibium",0,149,42,1856,0.0696544244956525,1
"Aquicella",0,149,0,1898,1,1
"Aquifex",0,149,0,1898,1,1
"Aquihabitans",1,148,5,1893,0.364932490218472,1
"Aquiluna",0,149,0,1898,1,1
"Aquimarina",0,149,1,1897,1,1
"Aquincola",1,148,50,1848,0.175716566846056,1
"Aquirhabdus",0,149,1,1897,1,1
"Aquirufa",0,149,0,1898,1,1
"Aquisalimonas",1,148,1,1897,0.14031357908314,1
"Aquisediminimonas",0,149,11,1887,1,1
"Aquisphaera",2,147,7,1891,0.13527280842025,1
"Aquitalea",0,149,13,1885,0.616644203174883,1
"Arachidicoccus",0,149,1,1897,1,1
"Arachnia",1,148,27,1871,0.717382271568956,1
"Arcanobacterium",0,149,4,1894,1,1
"Archaeoglobus",0,149,0,1898,1,1
"Archangium",1,148,22,1876,1,1
"Arcobacter",1,148,5,1893,0.364932490218472,1
"Arcticibacter",0,149,0,1898,1,1
"Arcticibacterium",0,149,0,1898,1,1
"Ardenticatena",0,149,0,1898,1,1
"Arenavirus",0,149,0,1898,1,1
"Arenibacter",0,149,0,1898,1,1
"Arenimonas",0,149,0,1898,1,1
"Arenitalea",0,149,0,1898,1,1
"Arepavirus",0,149,0,1898,1,1
"Aresaunavirus",0,149,0,1898,1,1
"Arhodomonas",0,149,0,1898,1,1
"Aristophania",0,149,0,1898,1,1
"Aromatoleum",1,148,27,1871,0.717382271568956,1
"Arsenicicoccus",0,149,2,1896,1,1
"Arsenophonus",0,149,0,1898,1,1
"Arsukibacterium",0,149,0,1898,1,1
"Arterivirus",0,149,0,1898,1,1
"Arthrospira",0,149,0,1898,1,1
"Asaia",0,149,0,1898,1,1
"Asanoa",0,149,0,1898,1,1
"Ascovirus",0,149,0,1898,1,1
"Asfivirus",0,149,0,1898,1,1
"Asteriusvirus",0,149,0,1898,1,1
"Atadenovirus",0,149,0,1898,1,1
"Athalassotoga",0,149,0,1898,1,1
"Atlantibacter",0,149,0,1898,1,1
"Atopobium",1,148,2,1896,0.202950878211067,1
"Atribacter",0,149,0,1898,1,1
"Attisvirus",0,149,0,1898,1,1
"Audreyjarvisvirus",0,149,0,1898,1,1
"Aurantiacibacter",0,149,19,1879,0.392107408986114,1
"Aurantimicrobium",0,149,0,1898,1,1
"Aureibaculum",0,149,0,1898,1,1
"Aureimonas",3,146,46,1852,1,1
"Aureispira",0,149,0,1898,1,1
"Aureliella",0,149,1,1897,1,1
"Auritidibacter",0,149,0,1898,1,1
"Aurivirus",0,149,0,1898,1,1
"Aurodevirus",0,149,3,1895,1,1
"Aurunvirus",0,149,0,1898,1,1
"Austintatiousvirus",0,149,0,1898,1,1
"Austwickia",0,149,0,1898,1,1
"Avastrovirus",0,149,0,1898,1,1
"Aveparvovirus",0,149,0,1898,1,1
"Aviadenovirus",0,149,0,1898,1,1
"Avibacterium",0,149,4,1894,1,1
"Avihepadnavirus",0,149,0,1898,1,1
"Avihepatovirus",0,149,0,1898,1,1
"Avipoxvirus",0,149,0,1898,1,1
"Avocadovirus",0,149,0,1898,1,1
"Avulavirus",0,149,0,1898,1,1
"Avunavirus",0,149,0,1898,1,1
"Azohydromonas",0,149,0,1898,1,1
"Azonexus",0,149,0,1898,1,1
"Azorhizobium",0,149,15,1883,0.619710217409191,1
"Azorudivirus",0,149,0,1898,1,1
"Azospirillum",3,146,47,1851,1,1
"Azotobacter",0,149,34,1864,0.170968892278518,1
"Azovibrio",0,149,0,1898,1,1
"Babuvirus",0,149,0,1898,1,1
"Bacilladnavirus",0,149,0,1898,1,1
"Bacillarnavirus",0,149,0,1898,1,1
"Backyardiganvirus",0,149,0,1898,1,1
"Bacterioplanes",0,149,0,1898,1,1
"Bacterioplanoides",0,149,0,1898,1,1
"Bacteriovorax",0,149,0,1898,1,1
"Bacteroides",57,92,587,1311,0.0671968722051321,1
"Badnavirus",0,149,0,1898,1,1
"Baekduia",1,148,4,1894,0.31494566562394,1
"Bafinivirus",0,149,0,1898,1,1
"Baikalvirus",0,149,0,1898,1,1
"Balneatrix",0,149,0,1898,1,1
"Balneola",0,149,0,1898,1,1
"Baltivirus",0,149,0,1898,1,1
"Banmivirus",0,149,0,1898,1,1
"Baoshanvirus",0,149,0,1898,1,1
"Barbavirus",0,149,0,1898,1,1
"Barnavirus",0,149,0,1898,1,1
"Barnesiella",2,147,32,1866,1,1
"Barnyardlikevirus",0,149,0,1898,1,1
"Barrientosiimonas",0,149,3,1895,1,1
"Bartonella",9,140,99,1799,0.701774561620599,1
"Basfia",0,149,2,1896,1,1
"Basilea",0,149,0,1898,1,1
"Bastillevirus",0,149,0,1898,1,1
"Batrachovirus",0,149,0,1898,1,1
"Batravirus",0,149,0,1898,1,1
"Bcep22likevirus",0,149,0,1898,1,1
"Bcep78likevirus",0,149,0,1898,1,1
"Bdellomicrovirus",0,149,0,1898,1,1
"Bdellovibrio",0,149,16,1882,0.623902388240901,1
"Beecentumtrevirus",0,149,0,1898,1,1
"Beggiatoa",0,149,0,1898,1,1
"Begomovirus",0,149,0,1898,1,1
"Belliella",0,149,0,1898,1,1
"Bellilinea",0,149,0,1898,1,1
"Belnapia",0,149,0,1898,1,1
"Bendigovirus",0,149,0,1898,1,1
"Benyvirus",0,149,0,1898,1,1
"Beograduvirus",0,149,0,1898,1,1
"Bequatrovirus",0,149,0,1898,1,1
"Bergeyella",1,148,10,1888,0.565447051449314,1
"Berhavirus",0,149,0,1898,1,1
"Berlinvirus",0,149,0,1898,1,1
"Bermanella",0,149,0,1898,1,1
"Bernalvirus",0,149,0,1898,1,1
"Bernardetia",0,149,0,1898,1,1
"Berryella",1,148,7,1891,0.454293177458647,1
"Bertelyvirus",0,149,0,1898,1,1
"Besingivirus",0,149,0,1898,1,1
"Betabaculovirus",0,149,0,1898,1,1
"Betachrysovirus",0,149,0,1898,1,1
"Betacoronavirus",0,149,0,1898,1,1
"Betadintovirus",0,149,0,1898,1,1
"Betaentomopoxvirus",0,149,0,1898,1,1
"Betafusarivirus",0,149,0,1898,1,1
"Betafusellovirus",0,149,0,1898,1,1
"Betahypovirus",0,149,0,1898,1,1
"Betalipothrixvirus",0,149,0,1898,1,1
"Betanucleorhabdovirus",0,149,0,1898,1,1
"Betanudivirus",0,149,0,1898,1,1
"Betapapillomavirus",0,149,0,1898,1,1
"Betapartitivirus",4,145,69,1829,0.81700848010535,1
"Betapolyomavirus",0,149,1,1897,1,1
"Betaretrovirus",0,149,0,1898,1,1
"Betasatellite",0,149,0,1898,1,1
"Betatorquevirus",0,149,0,1898,1,1
"Betayadokarivirus",0,149,0,1898,1,1
"Bhargavaea",0,149,0,1898,1,1
"Bibersteinia",0,149,1,1897,1,1
"Bicaudavirus",0,149,0,1898,1,1
"Bifidobacterium",20,129,179,1719,0.114832431099879,1
"Bignuzlikevirus",0,149,0,1898,1,1
"Bignuzvirus",0,149,0,1898,1,1
"Bilophila",0,149,0,1898,1,1
"Bingvirus",0,149,0,1898,1,1
"Birpovirus",0,149,0,1898,1,1
"Bisgaardia",0,149,0,1898,1,1
"Bixzunavirus",0,149,0,1898,1,1
"Bizionia",0,149,0,1898,1,1
"Blastochloris",0,149,20,1878,0.393010856557552,1
"Blastococcus",1,148,5,1893,0.364932490218472,1
"Blastomonas",0,149,20,1878,0.393010856557552,1
"Blastopirellula",0,149,0,1898,1,1
"Blattabacterium",17,132,163,1735,0.230817578824653,1
"Blautia",9,140,156,1742,0.434422197377508,1
"Blohavirus",0,149,0,1898,1,1
"Blunervirus",0,149,0,1898,1,1
"Bocaparvovirus",0,149,0,1898,1,1
"Bohxovirus",0,149,0,1898,1,1
"Bombilactobacillus",1,148,2,1896,0.202950878211067,1
"Bongovirus",0,149,0,1898,1,1
"Bonnellvirus",0,149,0,1898,1,1
"Bordetella",9,140,132,1766,0.866144788141809,1
"Bornavirus",0,149,0,1898,1,1
"Borrelia",0,149,1,1897,1,1
"Borreliella",1,148,1,1897,0.14031357908314,1
"Bosavirus",0,149,0,1898,1,1
"Bossavirus",0,149,0,1898,1,1
"Botrexvirus",0,149,0,1898,1,1
"Botrytimonavirus",0,149,0,1898,1,1
"Bottigliavirus",0,149,0,1898,1,1
"Boudabousia",0,149,0,1898,1,1
"Bowservirus",0,149,0,1898,1,1
"Bppunalikevirus",0,149,0,1898,1,1
"Brachybacterium",2,147,18,1880,0.652726844287339,1
"Brachymonas",0,149,0,1898,1,1
"Brachyspira",1,148,9,1889,0.531152353708821,1
"Brackiella",0,149,0,1898,1,1
"Bracoviriform",0,149,0,1898,1,1
"Bracovirus",0,149,0,1898,1,1
"Bradymonas",0,149,0,1898,1,1
"Bremerella",0,149,0,1898,1,1
"Brenneria",1,148,2,1896,0.202950878211067,1
"Breoghania",0,149,4,1894,1,1
"Brevefilum",0,149,0,1898,1,1
"Brevidensovirus",0,149,0,1898,1,1
"Breznakiella",2,147,3,1895,0.0454813155129772,1
"Brigitvirus",0,149,2,1896,1,1
"Bromovirus",0,149,0,1898,1,1
"Bronlikevirus",0,149,0,1898,1,1
"Brooklawnia",1,148,0,1898,0.0727894479726428,1
"Brucella",10,139,305,1593,0.00134344355188169,0.121398444597309
"Brucepastera",2,147,11,1887,0.243381925006494,1
"Brussowvirus",0,149,0,1898,1,1
"Bryobacter",0,149,0,1898,1,1
"Buchavirus",0,149,1,1897,1,1
"Buchnera",81,68,786,1112,0.00250408836437441,0.207421986182347
"Buhlduvirus",0,149,0,1898,1,1
"Bulleidia",5,144,35,1863,0.208521606279877,1
"Buorbuivirus",0,149,0,1898,1,1
"Burrovirus",0,149,0,1898,1,1
"Burzaovirus",0,149,1,1897,1,1
"Buttiauxella",0,149,2,1896,1,1
"Butyricicoccus",0,149,0,1898,1,1
"Butyricimonas",4,145,72,1826,0.653553318132797,1
"Butyrivibrio",8,141,50,1848,0.067214631195618,1
"Bymovirus",0,149,0,1898,1,1
"C2likevirus",0,149,0,1898,1,1
"C5likevirus",0,149,0,1898,1,1
"Caballeronia",3,146,43,1855,1,1
"Cacepaovirus",0,149,0,1898,1,1
"Caedibacter",0,149,0,1898,1,1
"Caelumvirus",0,149,0,1898,1,1
"Caenibius",0,149,18,1880,0.636321961619585,1
"Caenimonas",0,149,0,1898,1,1
"Caenispirillum",0,149,0,1898,1,1
"Caeruleovirus",0,149,0,1898,1,1
"Cafeteriavirus",0,149,0,1898,1,1
"Caldalkalibacillus",0,149,0,1898,1,1
"Caldanaerobacter",0,149,0,1898,1,1
"Caldanaerobius",0,149,0,1898,1,1
"Caldibacillus",0,149,1,1897,1,1
"Caldicellulosiruptor",1,148,9,1889,0.531152353708821,1
"Caldichromatium",1,148,1,1897,0.14031357908314,1
"Caldicoprobacter",0,149,0,1898,1,1
"Caldilinea",0,149,0,1898,1,1
"Caldimicrobium",0,149,0,1898,1,1
"Caldimonas",2,147,62,1836,0.321845029837933,1
"Caldinitratiruptor",2,147,2,1896,0.0286451260390258,0.918492105896503
"Caldisericum",0,149,0,1898,1,1
"Caldisphaera",0,149,0,1898,1,1
"Calditerrivibrio",0,149,1,1897,1,1
"Caldithrix",0,149,1,1897,1,1
"Caldivirga",0,149,0,1898,1,1
"Callevirus",0,149,0,1898,1,1
"Caloramator",1,148,4,1894,0.31494566562394,1
"Caloranaerobacter",1,148,1,1897,0.14031357908314,1
"Calothrix",1,148,3,1895,0.261052795601748,1
"Caminibacter",0,149,0,1898,1,1
"Caminicella",0,149,3,1895,1,1
"Campanilevirus",0,149,0,1898,1,1
"Campylobacter",116,33,953,945,3.74637200889631e-11,1.86194688842147e-08
"Camvirus",0,149,0,1898,1,1
"Candidatus_Accumulibacter",0,149,0,1898,1,1
"Candidatus_Amoebophilus",0,149,0,1898,1,1
"Candidatus_Aquiluna",0,149,0,1898,1,1
"Candidatus_Arthromitus",0,149,0,1898,1,1
"Candidatus_Atelocyanobacterium",0,149,0,1898,1,1
"Candidatus_Azobacteroides",0,149,0,1898,1,1
"Candidatus_Babela",0,149,0,1898,1,1
"Candidatus_Blochmannia",0,149,0,1898,1,1
"Candidatus_Brocadia",0,149,0,1898,1,1
"Candidatus_Cardinium",0,149,0,1898,1,1
"Candidatus_Cloacimonas",0,149,0,1898,1,1
"Candidatus_Competibacter",0,149,0,1898,1,1
"Candidatus_Contendobacter",0,149,0,1898,1,1
"Candidatus_Desulforudis",0,149,0,1898,1,1
"Candidatus_Endolissoclinum",0,149,0,1898,1,1
"Candidatus_Evansia",0,149,0,1898,1,1
"Candidatus_Glomeribacter",0,149,0,1898,1,1
"Candidatus_Halobonum",0,149,0,1898,1,1
"Candidatus_Hamiltonella",0,149,0,1898,1,1
"Candidatus_Hepatobacter",0,149,0,1898,1,1
"Candidatus_Ishikawaella",0,149,0,1898,1,1
"Candidatus_Jettenia",0,149,0,1898,1,1
"Candidatus_Korarchaeum",0,149,0,1898,1,1
"Candidatus_Koribacter",0,149,0,1898,1,1
"Candidatus_Liberibacter",0,149,0,1898,1,1
"Candidatus_Magnetobacterium",0,149,0,1898,1,1
"Candidatus_Methanomethylophilus",0,149,0,1898,1,1
"Candidatus_Methanoperedens",0,149,0,1898,1,1
"Candidatus_Methanoplasma",0,149,0,1898,1,1
"Candidatus_Methylopumilus",0,149,0,1898,1,1
"Candidatus_Microthrix",0,149,0,1898,1,1
"Candidatus_Midichloria",0,149,0,1898,1,1
"Candidatus_Moranella",0,149,0,1898,1,1
"Candidatus_Nasuia",0,149,0,1898,1,1
"Candidatus_Neoehrlichia",0,149,0,1898,1,1
"Candidatus_Nitrosoarchaeum",0,149,0,1898,1,1
"Candidatus_Nitrosocosmicus",0,149,0,1898,1,1
"Candidatus_Nitrosopelagicus",0,149,0,1898,1,1
"Candidatus_Nitrosotenuis",0,149,0,1898,1,1
"Candidatus_Odyssella",0,149,0,1898,1,1
"Candidatus_Paracaedibacter",0,149,0,1898,1,1
"Candidatus_Pelagibacter",0,149,0,1898,1,1
"Candidatus_Phaeomarinobacter",0,149,0,1898,1,1
"Candidatus_Photodesmus",0,149,0,1898,1,1
"Candidatus_Phytoplasma",0,149,0,1898,1,1
"Candidatus_Portiera",0,149,0,1898,1,1
"Candidatus_Profftella",0,149,0,1898,1,1
"Candidatus_Protochlamydia",0,149,0,1898,1,1
"Candidatus_Puniceispirillum",0,149,0,1898,1,1
"Candidatus_Regiella",0,149,0,1898,1,1
"Candidatus_Riesia",0,149,0,1898,1,1
"Candidatus_Ruthia",0,149,0,1898,1,1
"Candidatus_Schmidhempelia",0,149,0,1898,1,1
"Candidatus_Soleaferrea",0,149,0,1898,1,1
"Candidatus_Solibacter",0,149,0,1898,1,1
"Candidatus_Stoquefichus",0,149,0,1898,1,1
"Candidatus_Sulcia",0,149,0,1898,1,1
"Candidatus_Symbiobacter",0,149,0,1898,1,1
"Candidatus_Tachikawaea",0,149,0,1898,1,1
"Candidatus_Xiphinematobacter",0,149,0,1898,1,1
"Candidatus.Absconditicoccus",0,149,1,1897,1,1
"Candidatus.Amoebophilus",0,149,0,1898,1,1
"Candidatus.Annandia",9,140,60,1838,0.0917233059039303,1
"Candidatus.Arcticimaribacter",0,149,1,1897,1,1
"Candidatus.Arthromitus",1,148,0,1898,0.0727894479726428,1
"Candidatus.Atelocyanobacterium",2,147,0,1898,0.00526531686214621,0.239215619155341
"Candidatus.Azoamicus",0,149,0,1898,1,1
"Candidatus.Azobacteroides",0,149,0,1898,1,1
"Candidatus.Babela",0,149,0,1898,1,1
"Candidatus.Bandiella",0,149,0,1898,1,1
"Candidatus.Baumannia",0,149,0,1898,1,1
"Candidatus.Bipolaricaulis",0,149,0,1898,1,1
"Candidatus.Blochmannia",0,149,3,1895,1,1
"Candidatus.Cardinium",0,149,1,1897,1,1
"Candidatus.Carsonella",88,61,775,1123,2.08020897914218e-05,0.00258465965658415
"Candidatus.Chazhemtobacterium",0,149,0,1898,1,1
"Candidatus.Chromulinivorax",0,149,0,1898,1,1
"Candidatus.Cloacimonas",2,147,0,1898,0.00526531686214621,0.239215619155341
"Candidatus.Comchoanobacter",0,149,0,1898,1,1
"Candidatus.Contubernalis",0,149,0,1898,1,1
"Candidatus.Cytomitobacter",0,149,0,1898,1,1
"Candidatus.Desulforudis",1,148,1,1897,0.14031357908314,1
"Candidatus.Doolittlea",0,149,0,1898,1,1
"Candidatus.Endolissoclinum",0,149,0,1898,1,1
"Candidatus.Endoriftia",0,149,1,1897,1,1
"Candidatus.Fervidibacter",0,149,1,1897,1,1
"Candidatus.Fokinia",1,148,0,1898,0.0727894479726428,1
"Candidatus.Fonsibacter",0,149,0,1898,1,1
"Candidatus.Formimonas",0,149,2,1896,1,1
"Candidatus.Fukatsuia",0,149,0,1898,1,1
"Candidatus.Gromoviella",0,149,0,1898,1,1
"Candidatus.Gullanella",0,149,0,1898,1,1
"Candidatus.Hamiltonella",0,149,0,1898,1,1
"Candidatus.Hepatoplasma",0,149,0,1898,1,1
"Candidatus.Hoaglandella",0,149,0,1898,1,1
"Candidatus.Hydrogenosomobacter",1,148,1,1897,0.14031357908314,1
"Candidatus.Ishikawaella",0,149,0,1898,1,1
"Candidatus.Karelsulcia",45,104,392,1506,0.00910716709210035,0.39358800389338
"Candidatus.Kinetoplastibacterium",1,148,1,1897,0.14031357908314,1
"Candidatus.Korarchaeum",0,149,0,1898,1,1
"Candidatus.Koribacter",0,149,10,1888,1,1
"Candidatus.Kuenenia",0,149,0,1898,1,1
"Candidatus.Mancarchaeum",0,149,0,1898,1,1
"Candidatus.Methanoliparum",0,149,0,1898,1,1
"Candidatus.Methanomethylophilus",0,149,2,1896,1,1
"Candidatus.Methanoplasma",0,149,0,1898,1,1
"Candidatus.Methylopumilus",0,149,0,1898,1,1
"Candidatus.Methylospira",0,149,0,1898,1,1
"Candidatus.Micrarchaeum",0,149,0,1898,1,1
"Candidatus.Midichloria",0,149,0,1898,1,1
"Candidatus.Mikella",0,149,0,1898,1,1
"Candidatus.Minimicrobia",2,147,14,1884,0.326842068214733,1
"Candidatus.Moranella",0,149,0,1898,1,1
"Candidatus.Mycosynbacter",0,149,0,1898,1,1
"Candidatus.Nanohalobium",0,149,0,1898,1,1
"Candidatus.Nanopelagicus",0,149,0,1898,1,1
"Candidatus.Nanosynbacter",1,148,20,1878,1,1
"Candidatus.Nardonella",2,147,2,1896,0.0286451260390258,0.918492105896503
"Candidatus.Neoehrlichia",0,149,0,1898,1,1
"Candidatus.Nesciobacter",0,149,0,1898,1,1
"Candidatus.Nitrosacidococcus",0,149,0,1898,1,1
"Candidatus.Nitrosocaldus",0,149,0,1898,1,1
"Candidatus.Nitrosocosmicus",0,149,0,1898,1,1
"Candidatus.Nitrosoglobus",0,149,0,1898,1,1
"Candidatus.Nitrosomarinus",0,149,0,1898,1,1
"Candidatus.Nitrosopelagicus",0,149,0,1898,1,1
"Candidatus.Nitrosotenuis",0,149,0,1898,1,1
"Candidatus.Nitrotoga",0,149,1,1897,1,1
"Candidatus.Nucleicultrix",0,149,0,1898,1,1
"Candidatus.Paracaedibacter",0,149,0,1898,1,1
"Candidatus.Pelagibacter",0,149,0,1898,1,1
"Candidatus.Pelagisphaera",49,100,230,1668,3.87183443934924e-10,9.62150858178287e-08
"Candidatus.Phycorickettsia",0,149,1,1897,1,1
"Candidatus.Phytoplasma",6,143,40,1858,0.142485715730353,1
"Candidatus.Planktophila",0,149,1,1897,1,1
"Candidatus.Portiera",0,149,0,1898,1,1
"Candidatus.Profftella",0,149,0,1898,1,1
"Candidatus.Profftia",0,149,0,1898,1,1
"Candidatus.Prometheoarchaeum",0,149,0,1898,1,1
"Candidatus.Promineifilum",0,149,1,1897,1,1
"Candidatus.Protochlamydia",0,149,0,1898,1,1
"Candidatus.Pseudothioglobus",0,149,0,1898,1,1
"Candidatus.Puniceispirillum",0,149,0,1898,1,1
"Candidatus.Purcelliella",6,143,50,1848,0.29445555840323,1
"Candidatus.Reidiella",0,149,0,1898,1,1
"Candidatus.Rhabdochlamydia",0,149,0,1898,1,1
"Candidatus.Riesia",0,149,0,1898,1,1
"Candidatus.Ruthturnera",0,149,0,1898,1,1
"Candidatus.Saccharimonas",0,149,0,1898,1,1
"Candidatus.Schneideria",0,149,0,1898,1,1
"Candidatus.Steffania",0,149,0,1898,1,1
"Candidatus.Sulfidibacterium",0,149,2,1896,1,1
"Candidatus.Symbiobacter",0,149,4,1894,1,1
"Candidatus.Syntrophocurvum",0,149,0,1898,1,1
"Candidatus.Tachikawaea",0,149,0,1898,1,1
"Candidatus.Thioglobus",0,149,0,1898,1,1
"Candidatus.Uabimicrobium",0,149,0,1898,1,1
"Candidatus.Vallotia",0,149,1,1897,1,1
"Candidatus.Velamenicoccus",0,149,1,1897,1,1
"Candidatus.Vesicomyosocius",0,149,0,1898,1,1
"Candidatus.Viadribacter",0,149,2,1896,1,1
"Candidatus.Walczuchella",0,149,1,1897,1,1
"Candidatus.Westeberhardia",0,149,0,1898,1,1
"Candidatus.Xiphinematobacter",0,149,0,1898,1,1
"Canhaevirus",0,149,2,1896,1,1
"Capillimicrobium",1,148,1,1897,0.14031357908314,1
"Capillovirus",0,149,0,1898,1,1
"Capnocytophaga",28,121,125,1773,1.84968526334577e-06,0.000262655307395099
"Capripoxvirus",0,149,0,1898,1,1
"Caproicibacter",1,148,2,1896,0.202950878211067,1
"Caproicibacterium",3,146,7,1891,0.0310198320809108,0.963553534013293
"Caproiciproducens",1,148,3,1895,0.261052795601748,1
"Capsulimonas",0,149,7,1891,1,1
"Captovirus",0,149,0,1898,1,1
"Capulavirus",0,149,0,1898,1,1
"Carboxydocella",0,149,1,1897,1,1
"Carboxydothermus",0,149,0,1898,1,1
"Cardiobacterium",2,147,23,1875,0.702985696015854,1
"Cardiovirus",0,149,0,1898,1,1
"Carjivirus",1,148,13,1885,1,1
"Carlavirus",0,149,0,1898,1,1
"Carltongylesvirus",0,149,0,1898,1,1
"Carmovirus",0,149,0,1898,1,1
"Carnimonas",0,149,0,1898,1,1
"Carnobacterium",1,148,7,1891,0.454293177458647,1
"Caroctavirus",0,149,0,1898,1,1
"Casadabanvirus",0,149,0,1898,1,1
"Casaltella",0,149,0,1898,1,1
"Casimicrobium",0,149,14,1884,0.617195126716194,1
"Castellaniella",1,148,30,1868,0.722911556030837,1
"Catabacter",0,149,0,1898,1,1
"Catalinimonas",0,149,0,1898,1,1
"Catellatospora",0,149,0,1898,1,1
"Catellicoccus",0,149,0,1898,1,1
"Catelliglobosispora",0,149,0,1898,1,1
"Catenibacterium",6,143,16,1882,0.00377657828585464,0.239215619155341
"Catenovulum",0,149,1,1897,1,1
"Catenulispora",0,149,0,1898,1,1
"Catenuloplanes",0,149,0,1898,1,1
"Catonella",0,149,0,1898,1,1
"Caulimovirus",0,149,0,1898,1,1
"Cavemovirus",0,149,0,1898,1,1
"Cbastvirus",0,149,0,1898,1,1
"Cbunavirus",0,149,0,1898,1,1
"Cecembia",0,149,0,1898,1,1
"Cecivirus",0,149,0,1898,1,1
"Cedecea",1,148,3,1895,0.261052795601748,1
"Ceduovirus",0,149,2,1896,1,1
"Ceetrepovirus",0,149,0,1898,1,1
"Celeribacter",0,149,12,1886,1,1
"Celerinatantimonas",0,149,0,1898,1,1
"Cellubavirus",0,149,0,1898,1,1
"Cellulomonas",2,147,53,1845,0.42968006798086,1
"Cellulophaga",1,148,2,1896,0.202950878211067,1
"Cellulosilyticum",1,148,2,1896,0.202950878211067,1
"Cellulosimicrobium",1,148,40,1858,0.361005899081603,1
"Cellvibrio",1,148,2,1896,0.202950878211067,1
"Cenphatecvirus",92,57,666,1232,3.0260758828404e-10,9.62150858178287e-08
"Centapoxvirus",0,149,0,1898,1,1
"Centipeda",0,149,0,1898,1,1
"Cephaloticoccus",0,149,0,1898,1,1
"Cepunavirus",0,149,0,1898,1,1
"Cequinquevirus",0,149,0,1898,1,1
"Cereibacter",1,148,18,1880,1,1
"Certrevirus",0,149,0,1898,1,1
"Cervidpoxvirus",0,149,0,1898,1,1
"Cesiribacter",0,149,0,1898,1,1
"Cetobacterium",1,148,1,1897,0.14031357908314,1
"Chakrabartyvirus",0,149,0,1898,1,1
"Chamaesiphon",0,149,0,1898,1,1
"Changchengzhania",0,149,0,1898,1,1
"Changpingibacter",0,149,0,1898,1,1
"Chania",0,149,1,1897,1,1
"Chaphamaparvovirus",0,149,0,1898,1,1
"Charlielikevirus",0,149,0,1898,1,1
"Charlievirus",0,149,0,1898,1,1
"Charybdisvirus",0,149,0,1898,1,1
"Che8likevirus",0,149,0,1898,1,1
"Che9clikevirus",0,149,0,1898,1,1
"Chelativorans",0,149,19,1879,0.392107408986114,1
"Chelatococcus",0,149,21,1877,0.395749848771205,1
"Chelonobacter",0,149,0,1898,1,1
"Chenggangzhangella",0,149,16,1882,0.623902388240901,1
"Chenonavirus",0,149,0,1898,1,1
"Cheoctovirus",0,149,0,1898,1,1
"Cheravirus",0,149,0,1898,1,1
"Chiangmaivirus",0,149,0,1898,1,1
"Chilikevirus",0,149,0,1898,1,1
"Chirohepevirus",0,149,0,1898,1,1
"Chitinibacter",2,147,9,1889,0.188205376303883,1
"Chitinilyticum",0,149,0,1898,1,1
"Chitinimonas",0,149,28,1870,0.260352906889813,1
"Chitiniphilus",0,149,7,1891,1,1
"Chitinispirillum",0,149,0,1898,1,1
"Chitinivibrio",0,149,0,1898,1,1
"Chitinolyticbacter",0,149,14,1884,0.617195126716194,1
"Chitinophaga",3,146,56,1842,0.79722603697531,1
"Chitorquevirus",0,149,0,1898,1,1
"Chivirus",0,149,1,1897,1,1
"Chlamydia",0,149,0,1898,1,1
"Chlamydiifrater",0,149,1,1897,1,1
"Chloracidobacterium",0,149,1,1897,1,1
"Chloriridovirus",0,149,0,1898,1,1
"Chlorobaculum",1,148,5,1893,0.364932490218472,1
"Chlorobium",1,148,1,1897,0.14031357908314,1
"Chloroflexus",1,148,1,1897,0.14031357908314,1
"Chlorogloeopsis",0,149,0,1898,1,1
"Chloroherpeton",1,148,2,1896,0.202950878211067,1
"Chlorovirus",0,149,0,1898,1,1
"Chondrinema",0,149,0,1898,1,1
"Chondrocystis",0,149,0,1898,1,1
"Chondromyces",1,148,1,1897,0.14031357908314,1
"Chopinvirus",0,149,0,1898,1,1
"Chordicoccus",3,146,12,1886,0.0901357251552002,1
"Christensenella",3,146,12,1886,0.0901357251552002,1
"Christiangramia",0,149,3,1895,1,1
"Chromobacterium",3,146,38,1860,1,1
"Chromohalobacter",0,149,3,1895,1,1
"Chroococcidiopsis",0,149,0,1898,1,1
"Chryseolinea",0,149,1,1897,1,1
"Chrysiogenes",0,149,0,1898,1,1
"Chrysovirus",0,149,0,1898,1,1
"Chthoniobacter",0,149,0,1898,1,1
"Chthonomonas",0,149,0,1898,1,1
"Chuhaivirus",0,149,0,1898,1,1
"Chunghsingvirus",0,149,0,1898,1,1
"Ciceribacter",0,149,8,1890,1,1
"Cilevirus",0,149,0,1898,1,1
"Cimandefvirus",0,149,0,1898,1,1
"Circovirus",0,149,0,1898,1,1
"Citreicella",0,149,0,1898,1,1
"Citricoccus",0,149,3,1895,1,1
"Citrifermentans",1,148,1,1897,0.14031357908314,1
"Citrobacter",9,140,272,1626,0.00287418722223151,0.219764776838317
"Citromicrobium",0,149,15,1883,0.619710217409191,1
"Cjwunalikevirus",0,149,0,1898,1,1
"Claudivirus",0,149,0,1898,1,1
"Clavibacter",1,148,6,1892,0.411294596518054,1
"Clecrusatellite",0,149,0,1898,1,1
"Cloacibacillus",2,147,6,1892,0.110304529933902,1
"Cloacibacterium",2,147,31,1867,1,1
"Closterovirus",0,149,0,1898,1,1
"Clostridioides",6,143,66,1832,0.645419222980304,1
"Clostridium",61,88,309,1589,9.66561338813374e-12,9.60761970780494e-09
"Cnuibacter",0,149,5,1893,1,1
"Cobetia",0,149,10,1888,1,1
"Cocadviroid",0,149,0,1898,1,1
"Coccolithovirus",0,149,0,1898,1,1
"Cognaticolwellia",0,149,0,1898,1,1
"Cognatishimia",0,149,12,1886,1,1
"Coguvirus",0,149,0,1898,1,1
"Cohcovirus",0,149,4,1894,1,1
"Cohnella",105,44,880,1018,1.21979696068058e-08,2.42495635783299e-06
"Colecusatellite",0,149,0,1898,1,1
"Coleofasciculus",0,149,0,1898,1,1
"Coleviroid",0,149,0,1898,1,1
"Collimonas",1,148,33,1865,0.509977307372299,1
"Collinsella",4,145,105,1793,0.181987771859765,1
"Colneyvirus",0,149,0,1898,1,1
"Colossusvirus",0,149,0,1898,1,1
"Coltivirus",0,149,0,1898,1,1
"Colwellia",0,149,1,1897,1,1
"Commensalibacter",0,149,1,1897,1,1
"Comovirus",0,149,0,1898,1,1
"Companilactobacillus",2,147,2,1896,0.0286451260390258,0.918492105896503
"Conchiformibius",0,149,4,1894,1,1
"Conexibacter",1,148,1,1897,0.14031357908314,1
"Conexivisphaera",0,149,0,1898,1,1
"Confluentimicrobium",0,149,0,1898,1,1
"Congregibacter",0,149,0,1898,1,1
"Constantimarinum",0,149,0,1898,1,1
"Coopervirus",0,149,0,1898,1,1
"Copernicusvirus",0,149,0,1898,1,1
"Copiparvovirus",0,149,0,1898,1,1
"Coprobacillus",0,149,0,1898,1,1
"Coprobacter",1,148,48,1850,0.257753587562246,1
"Coprococcus",7,142,89,1809,1,1
"Coprothermobacter",0,149,0,1898,1,1
"Coraliomargarita",0,149,0,1898,1,1
"Corallococcus",2,147,16,1882,0.381259176312516,1
"Coriobacterium",0,149,2,1896,1,1
"Corndoglikevirus",0,149,0,1898,1,1
"Cornellvirus",0,149,0,1898,1,1
"Corticovirus",0,149,0,1898,1,1
"Cosavirus",0,149,0,1898,1,1
"Cosenzaea",0,149,0,1898,1,1
"Costertonia",0,149,0,1898,1,1
"Couchioplanes",0,149,1,1897,1,1
"Coxiella",0,149,0,1898,1,1
"Cp220likevirus",0,149,0,1898,1,1
"Cp8unalikevirus",0,149,0,1898,1,1
"Crassaminicella",2,147,7,1891,0.13527280842025,1
"Crenobacter",0,149,0,1898,1,1
"Criblamydia",0,149,0,1898,1,1
"Crinalium",0,149,1,1897,1,1
"Crinivirus",0,149,0,1898,1,1
"Cripavirus",0,149,0,1898,1,1
"Croceibacter",0,149,0,1898,1,1
"Croceibacterium",0,149,12,1886,1,1
"Croceicoccus",1,148,39,1859,0.359854693403715,1
"Croceimicrobium",0,149,0,1898,1,1
"Croceitalea",0,149,0,1898,1,1
"Crocinitomix",0,149,0,1898,1,1
"Crocodylidpoxvirus",0,149,0,1898,1,1
"Crocosphaera",0,149,0,1898,1,1
"Crohivirus",0,149,0,1898,1,1
"Cronobacter",1,148,8,1890,0.494170723588447,1
"Cronusvirus",0,149,0,1898,1,1
"Crossiella",0,149,0,1898,1,1
"Cruoricaptor",0,149,17,1881,0.629515612690161,1
"Cryobacterium",1,148,7,1891,0.454293177458647,1
"Cryocola",0,149,0,1898,1,1
"Cryptobacterium",0,149,4,1894,1,1
"Cryptosporangium",0,149,0,1898,1,1
"Cucumibacter",0,149,0,1898,1,1
"Cucumovirus",0,149,0,1898,1,1
"Culoivirus",0,149,0,1898,1,1
"Cuniculiplasma",0,149,0,1898,1,1
"Curtovirus",0,149,0,1898,1,1
"Cutibacterium",114,35,1476,422,0.759197316278981,1
"Cyanobacterium",0,149,0,1898,1,1
"Cyanobium",1,148,0,1898,0.0727894479726428,1
"Cyanothece",0,149,0,1898,1,1
"Cybitervirus",0,149,0,1898,1,1
"Cyclobacterium",0,149,0,1898,1,1
"Cycloclasticus",0,149,0,1898,1,1
"Cyclonatronum",0,149,0,1898,1,1
"Cyclovirus",0,149,0,1898,1,1
"Cylindrospermopsis",0,149,0,1898,1,1
"Cylindrospermum",0,149,0,1898,1,1
"Cypovirus",0,149,0,1898,1,1
"Cyprinivirus",0,149,0,1898,1,1
"Cysteiniphilum",0,149,0,1898,1,1
"Cystobacter",1,148,24,1874,1,1
"Cytobacillus",1,148,2,1896,0.202950878211067,1
"Cytomegalovirus",0,149,0,1898,1,1
"Cytophaga",0,149,0,1898,1,1
"Cytorhabdovirus",0,149,0,1898,1,1
"Cyvirus",1,148,0,1898,0.0727894479726428,1
"D3likevirus",0,149,0,1898,1,1
"Dabirmavirus",0,149,0,1898,1,1
"Dactylococcopsis",0,149,0,1898,1,1
"Dactylosporangium",1,148,16,1882,1,1
"Dasania",0,149,0,1898,1,1
"Dechloromonas",7,142,46,1852,0.103043025219798,1
"Dechshavirus",0,149,0,1898,1,1
"Deefgea",0,149,2,1896,1,1
"Deferribacter",0,149,0,1898,1,1
"Deferrisoma",0,149,0,1898,1,1
"Defluviicoccus",1,148,13,1885,1,1
"Defluviimonas",0,149,0,1898,1,1
"Defluviitoga",0,149,0,1898,1,1
"Dehalobacter",0,149,0,1898,1,1
"Dehalobacterium",0,149,0,1898,1,1
"Dehalococcoides",2,147,2,1896,0.0286451260390258,0.918492105896503
"Dehalogenimonas",0,149,2,1896,1,1
"Delepquintavirus",0,149,0,1898,1,1
"Delmidovirus",0,149,0,1898,1,1
"Deltabaculovirus",0,149,0,1898,1,1
"Deltacoronavirus",0,149,0,1898,1,1
"Deltaentomopoxvirus",0,149,0,1898,1,1
"Deltaflexivirus",0,149,0,1898,1,1
"Deltalipothrixvirus",0,149,0,1898,1,1
"Deltanudivirus",0,149,0,1898,1,1
"Deltapapillomavirus",0,149,0,1898,1,1
"Deltapolyomavirus",0,149,0,1898,1,1
"Deltaretrovirus",0,149,0,1898,1,1
"Deltasatellite",0,149,0,1898,1,1
"Deltascleroulivirus",0,149,0,1898,1,1
"Delusorvirus",0,149,0,1898,1,1
"Demequina",0,149,0,1898,1,1
"Demetria",0,149,0,1898,1,1
"Demosthenesvirus",0,149,0,1898,1,1
"Dendoorenvirus",0,149,0,1898,1,1
"Denitratisoma",2,147,21,1877,0.681919183677515,1
"Denitrificimonas",0,149,2,1896,1,1
"Denitrobacterium",1,148,1,1897,0.14031357908314,1
"Denitrovibrio",0,149,0,1898,1,1
"Denvervirus",0,149,0,1898,1,1
"Dependoparvovirus",0,149,0,1898,1,1
"Derbicusvirus",0,149,0,1898,1,1
"Dermabacter",0,149,18,1880,0.636321961619585,1
"Dermacoccus",1,148,34,1864,0.511237842753503,1
"Dermatophilus",0,149,0,1898,1,1
"Derxia",0,149,0,1898,1,1
"Desemzia",0,149,1,1897,1,1
"Deseoctovirus",0,149,0,1898,1,1
"Desmospora",0,149,0,1898,1,1
"Desulfarculus",2,147,6,1892,0.110304529933902,1
"Desulfatibacillum",0,149,0,1898,1,1
"Desulfatiglans",0,149,0,1898,1,1
"Desulfatirhabdium",0,149,0,1898,1,1
"Desulfatitalea",0,149,0,1898,1,1
"Desulfitibacter",0,149,0,1898,1,1
"Desulfitobacterium",2,147,3,1895,0.0454813155129772,1
"Desulfobacca",0,149,0,1898,1,1
"Desulfobacter",0,149,0,1898,1,1
"Desulfobacterium",0,149,0,1898,1,1
"Desulfobacula",0,149,0,1898,1,1
"Desulfobulbus",2,147,9,1889,0.188205376303883,1
"Desulfocapsa",0,149,1,1897,1,1
"Desulfocarbo",0,149,0,1898,1,1
"Desulfococcus",2,147,0,1898,0.00526531686214621,0.239215619155341
"Desulfocurvibacter",1,148,3,1895,0.261052795601748,1
"Desulfocurvus",0,149,0,1898,1,1
"Desulfofarcimen",0,149,1,1897,1,1
"Desulfofustis",0,149,1,1897,1,1
"Desulfoglaeba",0,149,0,1898,1,1
"Desulfohalobium",0,149,1,1897,1,1
"Desulfolithobacter",0,149,0,1898,1,1
"Desulfoluna",0,149,0,1898,1,1
"Desulfolutivibrio",1,148,1,1897,0.14031357908314,1
"Desulfomarina",0,149,0,1898,1,1
"Desulfomicrobium",2,147,5,1893,0.0867598524209772,1
"Desulfomonile",0,149,0,1898,1,1
"Desulfonatronospira",0,149,0,1898,1,1
"Desulfonatronovibrio",0,149,0,1898,1,1
"Desulfonatronum",0,149,0,1898,1,1
"KnightID",149,0,1898,0,1,1
"X3alikevirus",0,149,0,1898,1,1
